Agent|Time|Method|Resource|Version|Status
Mozilla/5.0 (Windows NT 10.0; Win64; x64) AppleWebKit/537.36 (KHTML, like Gecko) Chrome/121.0.0.0 Safari/537.36|2024-02-26T19:16:55.466Z|GET|/logs|1.1|200
Mozilla/5.0 (Windows NT 10.0; Win64; x64) AppleWebKit/537.36 (KHTML, like Gecko) Chrome/121.0.0.0 Safari/537.36|2024-02-26T20:06:36.931Z|GET|/logs|1.1|200
Mozilla/5.0 (Windows NT 10.0; Win64; x64) AppleWebKit/537.36 (KHTML, like Gecko) Chrome/121.0.0.0 Safari/537.36|2024-02-26T20:06:41.002Z|GET|/logs|1.1|200
Mozilla/5.0 (Windows NT 10.0; Win64; x64) AppleWebKit/537.36 (KHTML, like Gecko) Chrome/121.0.0.0 Safari/537.36|2024-02-26T20:07:48.051Z|GET|/logs|1.1|200
Mozilla/5.0 (Windows NT 10.0; Win64; x64) AppleWebKit/537.36 (KHTML, like Gecko) Chrome/121.0.0.0 Safari/537.36|2024-02-26T21:01:58.399Z|GET|/logs|1.1|500
Mozilla/5.0 (Windows NT 10.0; Win64; x64) AppleWebKit/537.36 (KHTML, like Gecko) Chrome/121.0.0.0 Safari/537.36|2024-02-26T21:02:38.082Z|GET|/logs|1.1|200
node-superagent/2.3.0|2024-02-26T21:03:02.091Z|GET|/|1.1|200
node-superagent/2.3.0|2024-02-26T21:03:02.118Z|GET|/|1.1|200
node-superagent/2.3.0|2024-02-26T21:03:02.135Z|GET|/|1.1|200
node-superagent/2.3.0|2024-02-26T21:03:02.151Z|GET|/|1.1|200
node-superagent/2.3.0|2024-02-26T21:03:02.165Z|GET|/|1.1|200
node-superagent/2.3.0|2024-02-26T21:03:02.178Z|GET|/|1.1|200
node-superagent/2.3.0|2024-02-26T21:03:02.188Z|GET|/|1.1|200
node-superagent/2.3.0|2024-02-26T21:03:02.200Z|GET|/|1.1|200
node-superagent/2.3.0|2024-02-26T21:03:02.251Z|GET|/logs|1.1|200
node-superagent/2.3.0|2024-02-26T21:03:02.293Z|GET|/logs|1.1|200
Mozilla/5.0 (Windows NT 10.0; Win64; x64) AppleWebKit/537.36 (KHTML, like Gecko) Chrome/121.0.0.0 Safari/537.36|2024-02-26T21:25:42.279Z|GET|/logs|1.1|200
Mozilla/5.0 (Windows NT 10.0; Win64; x64) AppleWebKit/537.36 (KHTML, like Gecko) Chrome/121.0.0.0 Safari/537.36|2024-02-26T21:27:06.808Z|GET|/logs|1.1|200
Mozilla/5.0 (Windows NT 10.0; Win64; x64) AppleWebKit/537.36 (KHTML, like Gecko) Chrome/121.0.0.0 Safari/537.36|2024-02-26T21:27:23.195Z|GET|/logs|1.1|200
